{
	"width" : 640,
	"height" : 480,
	"intrinsic_matrix" :
	[
		572.35087383,
		0,
		0,
		0,
		576.61281751,
		0,
		308.60311538,
		250.66719589,
		1
	]
}
